t268357648;t290749718;t372226525;t751169994;t1159091985;t1311180441;t1431595225;t1824284809;t1990024365;t2411117902;t2451517896;t2643905994;t2748282437;t2821698184;t3138706091;t3649082374;t4125607023;t4127043053;t4157170894;Y
45656;357414806;389247426;113343731;80793691;10679352;647565592;15702834;123561224;6978936;633554675;9391765928;52580736297;84787779238;9471160;76956948242;0;16519470;2512771601;0
52185;303054737;419384723;115045081;62356313;10524581;1481359931;8593091;122180558;6414025;573415829;10418242078;54027058764;83812191761;15090820;75331056635;0;17860175;2012099974;0
12656;397135947;8583824;115793567;42404707;1040168;983837100;3236754;122867957;64704167;640493622;12992530858;35632261940;65469925863;2835155;58998769376;0;30302485;2642049512;0
9630;557000146;7465242;114693931;44697302;867189;298024057;3135499;133727507;6022083;578673020;14352606110;33264513790;60464318666;2413069;49733916780;0;19832413;1771073483;0
18949;264379315;9874846;121537295;51923183;1189442;644203402;3351409;198339774;15949582;604526098;15577923998;33841507794;66720192332;3731104;50744875079;0;17637079;2216708736;0
28991;285341696;10011407;152411980;48808162;1181110;1461981671;3472788;284671282;5704133;645010940;26968068318;37432234577;90215595097;2608638;66470593396;0;16957543;2327576222;0
23185;653211696;11226592;146618343;35337739;1311864;2064332246;3503576;389320989;5373185;651129013;50699933010;42752570577;132143000000;3495512;99887589721;0;7500489;2516566435;0
19220;383426898;49345429;169783317;37816268;1009511;2177425143;3456245;417662050;6181060;677475000;53065234057;42932291904;133635000000;2530851;100098000000;0;11424224;2687786730;0
18661;358011268;12175674;262494568;32810290;1109506;2195977643;3513466;414795197;7771818;689338197;53700724084;45618573869;130914000000;3204170;101307000000;0;7825775;2861221967;0
8408;318697746;8330208;242359861;30647195;956773;1967178639;3497400;388028387;5545156;671286958;53484337200;40600580047;123691000000;2315624;92948008217;0;4775631;2359575146;0
6365;348321542;8202752;174374282;35825492;818008;1785472137;3677112;369195524;5875108;654383513;43824612092;45169894256;118222000000;2464706;89316785123;0;6188112;2375256704;0
9827;336433875;7912975;181277728;26077061;811110;1563031299;3441727;328125642;5920099;663820075;37556538278;41617289249;104534000000;2663597;79010793939;0;7392900;2299181017;0
4426;301535339;7770368;347711311;26004002;656385;2026209583;3652987;368681322;6284044;648389416;43549893778;37456098625;105384000000;2486448;79491608504;0;4013788;2445623412;0
13546;290075125;8145638;193271802;24013901;781059;1865553209;3604966;341081747;4916254;657759994;41711954185;35993226033;101192000000;2648772;76973025883;0;4710764;2215757629;0
0;264874828;6529151;180561538;20459925;553176;1854487758;3660202;345940663;4418329;636116295;42714331692;34521471143;101861000000;2005979;78263248139;0;3523323;2697003976;0
5317;333633419;13325259;220099252;24186991;6791226;1903754673;8473017;352382034;10592388;730406947;36426041738;35221622433;103483000000;2134857;78669114152;0;3675454;4088471163;0
1223;397090968;6592019;214348223;25769681;543717;1975034171;3577733;347763531;10718372;706765558;37398501380;31941726858;102149000000;2196802;78108324290;0;3545687;3943395376;0
1059;389750481;6329043;196260157;26195777;382698;1625068272;3786851;302604840;10767361;741882207;29087018232;31193129067;89327001298;1851251;68190285137;0;2678855;3639346003;0
1353;371766631;264571702;182496596;13980551;166726871;2176319427;238998070;270922148;10227446;710304015;29355387129;35174291597;94817349744;21367522;76249160576;0;2666452;3803662588;0
998;371037906;140991173;238660557;12822199;85713427;1547264060;124397762;242126010;12865043;717719890;19927126494;35318962850;80033926279;13230141;62725198920;0;2755802;4266092003;0
3489;471812641;85171260;206837227;26344497;13122435;1013241423;14176758;234846498;17061403;1301170181;20778790370;39681421574;98726658275;7981078;82907921022;0;102982410;6358031515;0
5764;383756405;221479879;114632003;32939769;127469679;869399332;98887907;193544055;17117399;724467859;12963004553;44712656298;92525757116;13303864;81770705950;0;5832939;4722702027;0
9226;361553204;455035214;115486761;7866083;60722180;870266377;27829541;148089550;17516339;1647686502;10400420392;34296038701;72163784975;279426985;64999650564;0;9220691;5542709108;0
9043;291082212;352155445;114769095;11240954;19224236;574474532;26183303;112835340;7990785;671250947;7887159783;49535729525;74330076796;292436458;66541572508;0;8529167;2411217810;0
20123;297390674;254018095;114933680;42543757;11260597;456844793;17662874;111281200;6027083;670439076;8229644531;51207577382;73568840928;8717038;66516944323;0;8352394;2318872847;0
47520;259873925;296440792;116445938;20772863;8512016;1335927568;8578209;116539141;4550306;620846604;9218104777;48985403336;71611150801;13204791;63800061363;0;5089281;1830152594;0
5637898;643939525;53235108;117634049;1864183;6485519;1043421929;5133679;137825236;8377725;636991171;10314131754;28690695634;54001671369;18178466;48190180677;0;13808112;2200349559;0
329504;228102675;42997370;116231937;3034049;15264676;321811036;3393226;124093292;58452120;239582579;10079457918;25236995610;45736546492;17028827;36195649169;0;4020750;1446046770;0
60747;220428278;29726031;120046319;5718519;4643316;454441158;3223495;149202795;18252225;221539320;10526389648;28780588226;52061762442;6605495;40071681521;0;2102471;1352704796;0
135505;274085316;69092504;146993728;16172710;4900865;986399029;3419436;228574305;3807422;258839645;26068982139;29790968065;73944678554;6315208;55947018540;0;3727828;1283115353;0
36731;593587314;14009869;188801811;47747174;2756137;1360465740;3608242;309690978;4838265;299105516;38098275533;38407741482;103135000000;4325976;78146780245;0;4015392;1644131181;0
45898;308599019;14996486;173904616;50428356;2497936;1761595140;3325809;361359933;5195209;330307785;43673510303;41695652661;114629000000;5347258;87122026205;0;4506625;1839221868;0
31737;318357026;17272350;239317498;48036448;2310474;1854343993;3383002;371715246;6216051;343425774;54495925065;44039690799;125971000000;4396168;99515669433;0;4689526;2031698172;0
4902;291492430;10234216;372742886;56968638;1146079;1677560523;4844777;350222452;5268201;331629581;40785065017;38566318036;104012000000;2499005;77567328729;0;3837823;1739231585;0
6414;327278628;9132701;302499623;54678970;1403613;2095559588;3604600;386189871;5575151;344743583;48442079784;43123194508;118213000000;2289575;91940014986;0;6185895;2022680212;0
2877;342746213;10041432;266613310;64061272;1636522;2278182931;3535989;392648229;10071471;351439573;48375081471;45951433742;121024000000;2946358;94798514160;0;10670283;2418132282;0
3694;304979826;10751092;203086798;54371645;2220584;1636197952;3463382;345102779;11473254;355070024;43201177813;44717239807;110668000000;3761640;84503484257;0;4146741;2396149443;0
11558;343607000;10594252;507630822;58968721;1573374;2658693753;3700901;464068943;5364185;384006616;68625824940;52043128556;149112000000;4194801;119944000000;0;5333063;2321033745;0
2740;334205306;8787934;325558115;43109500;1021839;2101278942;3658730;393460272;7826808;372046429;54111405024;48408874451;129698000000;2129413;103651000000;0;7484914;2943568810;0
8953;324392613;14249114;240655033;25266416;1757579;2099829924;3839433;394642101;6390029;401510958;47211968349;39592921624;115775000000;7229581;88044993086;0;3720187;3005736522;0
2179;375869558;7907052;231756785;20052685;987000;1981117264;3601960;363876225;9791512;412481288;40701274897;38122337773;110847000000;2719924;85617743424;0;3261426;3715230047;0
1651;282592067;8293007;176169563;16329913;685296;1614950557;3736306;313151157;5593149;384124603;33116867014;33118359375;90713840718;2506207;68387341919;0;2614153;2606147121;0
2557;311693624;268612570;166196299;13436513;169843070;2213342814;240588315;293959805;5644140;396331738;30182678929;37567434700;93022133549;22957954;72833623230;0;2817252;2841298439;0
14914;302465464;141883482;170357901;11316823;85685155;1404044543;121930221;233090779;8925642;401981882;19007503136;37239423896;76622272380;14508843;59424016977;0;4428784;3514352436;0
43957;325121756;96733947;208937069;37357528;115456445;673805059;13290076;201219834;13542944;943317581;15679308644;41091495180;87216655321;13952961;70486621249;0;4783906;4880628585;0
12372;388217047;588362438;135342459;39112960;198460494;1061520881;98989850;182722431;7676834;405856288;24981494655;42234879362;95470387632;18909184;84597336633;0;3898957;3040919418;0
5788;305245957;157138704;148609407;23385975;97431430;757703371;352213650;126776229;14509796;1366260291;17293682840;33193732417;74045693423;9108628;66007793142;0;8453907;4680805591;0
13870;269541032;801654202;116530380;25077284;23161111;1242165468;25125364;116419304;5194209;444063479;6948230423;50539932412;75551210452;577868444;67665977319;0;5254731;2042923723;0
32635;268558361;141752432;113272195;81309713;12064031;333997964;15045408;106404053;7124917;493435986;5946271610;48297055959;71198992763;10624976;64373156127;0;6253581;2487558384;0
47020;258943588;324573860;116063502;45303773;9643921;1384873449;8530452;114601874;5407178;440574023;8575197484;50680768476;76928046085;14745722;68780596786;0;5185667;2111809357;0
5916733;635573752;61370536;120079691;32339737;8263758;1095514445;3437112;130124568;9043627;474674821;11988565536;30827458195;61268448794;26114038;54652346084;0;14216615;2486603286;0
804633;275710950;54018237;122876137;34767002;18654311;448938731;4029778;146270469;57792205;290388848;14856418532;33794015956;64118817126;20922518;51724109847;0;8472017;2120002509;0
46041;852104758;35127308;120036977;41843849;9513970;601946712;3867525;180249862;20418888;288022205;14477944937;41922218943;77268924985;7528099;62512233484;0;2637245;2199875301;0
64232;1046511711;27606185;152120559;70792861;8192348;861377110;3311540;257265947;6746975;336930764;27642155176;52026856468;107047000000;8666930;85671857582;0;4653927;2357603659;0
62086;934595856;29426648;257515440;39913722;12635698;1304036817;3455866;335791759;5574153;343675743;40016811508;54426904604;129606000000;8659827;102678000000;0;5443128;2386420735;0
114585;388824562;24614871;214156823;35092413;27220332;1319841379;3358348;351757781;5772122;371053576;43538618508;54640496141;132455000000;8990081;104525000000;0;5340941;2427995168;0
30888;380828028;22108137;324944028;43414286;4733190;1919092963;3385944;423675250;11250288;410644565;54220413571;59202613164;153681000000;9124039;125535000000;0;10248410;3527674461;0
37629;350236452;15561354;335807012;36450519;2745671;1474901974;4487836;370041972;5586151;395312897;53059051784;49762994419;133060000000;3694463;103635000000;0;5338540;2309136677;0
11720;398411038;13143780;131607332;45767482;2988255;1311221846;3686277;351165369;5741129;368266009;44821236791;51675701325;127900000000;3308081;99633848758;0;5428034;2233573295;0
42177;455188510;15180790;225195704;32028935;3652068;1650856495;3584395;371524760;6509009;385729350;40581377260;47165482485;117722000000;3708289;88903629816;0;5058946;2289755122;0
114483;381791529;15709459;221457459;36380753;2559998;2272513933;3335977;446782263;11896197;427366036;47919333495;53259790832;134085000000;5339052;103387000000;0;5324948;2975889893;0
2721;338713913;10038089;189256907;26898511;1347639;1683494130;3467268;376569864;8334730;415637802;47603984203;46333831217;120681000000;2544387;93429223688;0;9103362;2805489825;0
2578;324214032;9131460;237361334;29630185;1041852;1924640554;3747194;403983847;6145065;403151697;52034120330;42621667330;123499000000;3277823;94345859747;0;4282967;2724314561;0
1781;344941139;8890930;269072406;27979086;1357912;2311816516;3737368;445614543;6827960;437635457;51106169492;41281604421;126095000000;3421269;95069870425;0;4469551;3090289154;0
1092;364080829;8464752;156557710;26561651;1236563;1997297531;3719454;418435556;10212450;468877724;47004720937;39746310189;124409000000;2720188;93439908107;0;4070015;3764824793;0
1680;291116428;7901389;230985821;22416246;638633;1881143486;3569970;379592745;6664987;444783382;37389989734;37561977711;105126000000;2426055;77220937643;0;3487516;2808353567;0
1441;278391041;245743424;182394503;13592411;155013598;2209170136;220288874;326543864;5432176;412840231;32730320388;40259026725;99374050233;20953034;76437771350;0;3167931;2587747160;0
18056;333156606;159676830;145499140;12420279;98645437;1370686201;140623894;253788635;9115613;427724978;20348657167;39742413917;82762442973;15468709;62667492716;0;2834427;3223217037;0
90855;350798099;119737354;223505699;33683011;28884850;721384426;14038864;183983742;14455807;1074740606;17651271600;42132163065;84045854964;17374517;69916392873;0;4563964;5311007395;0
8157;312369643;520250319;124960892;42666678;169155570;1014498984;98642240;180908112;7255898;429822645;95561224827;42145163349;161423000000;17276195;151019000000;0;2883722;2816810103;1
5221;287481268;226106368;121653134;21879895;40068445;512637653;27423761;124935348;13521945;1402917716;8663997220;32443853701;61544752229;8789335;52730242139;0;6775780;4533900433;0
11975;264232326;602303284;127683211;22279612;263037365;1084094082;25475861;114493624;5090226;468606751;16211861154;43113639848;76931073648;570885704;68525119115;0;7827665;2131031430;0
27375;268840119;141288936;113894527;67564993;56097183;377608416;15232512;112622544;5412176;495557656;6523191618;50694165323;73571014093;11359511;65931537249;0;6264190;2270502101;0
47447;236348107;302021841;112297849;46010832;50173470;1337889565;8349873;114896869;3896407;434407959;8267775188;46927076031;72987357413;14567706;64539438260;0;4721000;1916375455;0
4917591;510244635;64724533;122083333;32837933;7942664;1074759632;3466158;131453800;8305739;460055058;10980584858;33858398498;60659546508;14075265;53999728078;0;12010238;2207062001;0
1929257;276939943;88589487;156165266;35679233;21190051;387758552;4083328;141697126;56993338;270551871;12315237301;33279564117;63031666215;26123457;50706753108;0;8076658;1881832967;0
107375;337172188;36987740;120139171;36271273;9653891;481175289;4043874;173326574;20536879;273244438;14363358240;36844737686;72289535364;7742879;57493036252;0;5053256;2065170313;0
48525;390995255;24135950;140861827;48074920;6345178;857819257;3318724;247366435;4952248;366452284;31463591952;53275881524;108184000000;8429911;88703132160;0;4883101;2121655604;0
185701;406268657;33680130;207744746;33111364;6083821;1294453093;3584426;322514698;5386182;388349960;43799009804;58205385104;135483000000;9047419;110609000000;0;5414631;2422057492;0
17706;391407398;16425151;152254077;27725066;3632970;1714929309;3362587;368578965;5711133;384613531;54749110727;54604712701;143981000000;4265969;117337000000;0;10023718;2497969915;0
8210;330515700;18193276;170871573;29045813;2454050;1547320357;3193485;362248905;8470712;376175802;53984911508;49491157242;131421000000;4729104;105300000000;0;4975902;2730872761;0
14122;417134297;14542862;142309056;32304759;3450870;1469875050;4200397;354068623;7736824;384770502;49185960511;51598835483;130544000000;4010550;103858000000;0;9604551;2598844439;0
17455;476792071;15447444;269896526;35833017;13882056;1360552096;3593713;369680874;5566156;395078945;45656675113;59767913935;139643000000;3864466;112535000000;0;5604217;2343424538;0
11571;343132529;11252704;216531883;33706659;9839098;1823251884;3489361;399160917;6388030;386742203;47980711138;52749898377;130220000000;3102327;102204000000;0;5603668;2290598653;0
6765;329236641;12406080;466128876;41139573;2662105;1857903108;3361131;380872579;11995176;385114446;45400843864;48256857619;121906000000;3969364;94939406346;0;4410589;2685511667;0
7282;338599654;73918798;208690579;52589321;1340961;1761610353;3404382;369243456;5640145;385384408;53487444401;48086531518;128627000000;3142247;102545000000;0;5231713;2219715586;0
2418;331210065;35374698;183511304;36237478;1052220;1885288186;9603897;387416669;5850111;393499171;45824748699;44581989640;117064000000;3311563;90115151683;0;3879513;2367560404;0
473;333242872;9548395;232115376;26840588;1003562;2117234196;3853082;420829526;6379031;425296340;50387689725;43343392781;124849000000;3042800;96178773981;0;4082729;2728114506;0
653;533185788;8075011;233851649;23807830;982481;2125706973;3511556;417288663;9499557;443002649;48775636332;39863763550;120686000000;2736098;91941381441;0;3712077;3513378359;0
1625;796419740;15660917;353348019;23287703;689901;2371494894;3608695;424829905;6159062;411921379;45157694114;39979077050;115396000000;2246612;87543041295;0;3650438;2342964971;0
1206;286303067;258693877;253396526;23221488;162612207;2662364266;230086784;361547594;6229052;381474997;38917232771;41469199997;108099000000;22237795;83677690998;0;3400544;2386640270;0
22604;274373372;150034577;239318710;12032030;91876436;1881711785;131229567;267969537;7527855;375103971;23112624312;37143398009;80889008043;14563847;61016093660;0;2688050;2853916962;0
39072;1042671723;108373812;125090895;32961106;32255895;1038298507;13715665;211331793;13449951;967891841;21163134405;42359996256;88267069198;13257979;72781407100;0;4815539;4636539481;0
10893;972183520;604509254;140909559;41752235;190101966;1123266728;98512614;171584265;9425567;430664530;9326380317;42186669420;75557033165;16970311;65996407538;0;3772810;2834737498;0
3873;457313986;124968038;131036193;18569012;208701947;2729092880;1926145209;194820995;13626926;1459086176;30052653262;34458834660;95123390620;9794416;82361637830;0;5971308;4842572204;0
10364;284171244;428156547;132627241;36517022;160680481;1058989987;94559557;136483730;5787121;485453200;11521757553;62819010733;95709920719;300041325;86609350114;0;10095564;2302683214;0
23236;286126755;331107422;111145982;70901398;13411743;558805460;17181855;110619401;5401180;476239586;6634113180;47652562852;69867667747;284813262;62645047884;0;7108090;1873599978;0
69330;248873081;299263272;116406783;50106883;9849618;1366502996;8475943;117566085;4317344;449858607;9216602940;58234039003;84116938621;15970532;75456770111;0;3830698;1590947252;0
11811014;563324149;143627360;157535976;31753274;12796335;1356906309;3565723;189963694;7722826;473528007;21875622671;68630885919;141089000000;30181788;133852000000;0;14836045;2248845581;1
2630398;409902670;117991773;361733573;46627627;32253490;992774210;6050067;647950707;57644241;304316736;53710214240;82366647897;434750000000;57090637;419909000000;0;26538482;3126737759;1
435508;463872813;135307854;454346219;61495512;28675959;1389244560;6863208;868897394;14952728;264030864;49410590125;66153916053;401443000000;22787158;381780000000;0;7078749;2931711830;1
76418;334150728;27432826;192136275;51000393;8063805;1157934611;3263965;264836593;4264351;323474812;24250293932;50747524792;96660845365;8306031;77937526759;0;2298300;1697203721;0
100089;382524288;21312995;162712889;52851477;4411952;1444531989;3570213;326670419;4796272;346607307;40900451913;53631964573;125469000000;8766115;101741000000;0;4279875;2053908443;0
45620;351034492;15275437;152821137;39206813;3476324;1453635228;3334569;344961101;5303193;362697850;43589022647;52253334613;126544000000;4294905;105738000000;0;5000542;2111195691;0
19482;345645627;18543908;146485415;40018777;3485638;1551954482;3327226;407790206;6688980;396228752;48686920207;55119396150;138493000000;5574417;107926000000;0;6321626;2658529555;0
52254;340759417;16273737;203067174;46895337;2910261;1566294782;4552544;395522634;6235050;393963096;44924473897;54222518012;131599000000;4630016;100512000000;0;5608051;2444547956;0
6651;377536833;14490326;167620445;53950459;2993173;1465069619;3544804;403388935;7420869;395246912;46183928988;58952119437;148913000000;3949017;117607000000;0;15587559;2765851775;0
11197;368208562;12643269;199967394;43755058;2052051;1644538153;3673208;405781742;6677987;399134318;48714666763;55482669174;139214000000;4169011;107944000000;0;6325064;2496420822;0
26714;360996754;23756535;141356213;45533651;2961686;1811099393;3447622;420384227;15067709;445621236;47459898823;57186944595;138744000000;6440358;107560000000;0;7209177;3613694248;0
96063;333755248;12456823;356030158;37529862;1358635;1644831333;3551621;374668722;6303043;395261907;44089159006;48170643957;121286000000;3373958;93155929796;0;4800853;2414080149;0
672;313010253;9516507;258669433;31124795;1031921;1785580369;3644962;385028248;6829960;326199407;48256209667;43980800979;120027000000;2924339;92217348683;0;4252740;2707418642;0
2034;339194358;9855116;297917815;27403856;1402710;2291600799;3776344;451248428;6424024;371041581;53923486938;43671015902;131215000000;3614335;98470649515;0;4612130;2913326080;0
4084;339949477;8237626;316117050;28588157;1066011;2428558526;3769508;456070537;9564544;391223527;57941458217;42538050321;136852000000;2765624;104553000000;0;4535168;3660994202;0
2536;286089599;7618355;322176842;22036129;672826;2076499773;3616029;410602903;6677982;422707734;46362083822;39139479695;116453000000;2290382;86651377978;0;4172432;2709147875;0
1718;285866951;256500177;352203456;14255842;161819496;2511954862;229312081;364707293;6042080;392062376;37467809751;41066868422;106990000000;22066061;80588815673;0;3595592;2440360587;0
17521;271509538;151027717;202644587;10163069;92226044;1554079021;131195983;292196398;8439715;403333670;25586103163;39294619464;88279472973;15087141;65082119219;0;5290547;3214245993;0
96751;306660444;128485131;175627887;35296819;27074543;890431009;13987135;222769354;8604697;1064858115;19090665388;41400797982;86934923933;20257408;69057861478;0;5661793;5944676438;0
7426;280603132;744141406;194503673;42869937;164788685;1293070062;98231052;192739650;7446866;401589935;10024106114;38289075680;71735242731;16475267;60793936528;0;3542547;2519804600;0
5312;241013245;64084483;116389774;22061779;26128983;386970685;27560346;129536480;11098313;1349962760;8388844897;28728067161;55827298169;8829676;46046304224;0;5025561;4354187958;0
9062;227179506;594002337;133445642;24589484;22611701;1071405693;24737138;120579631;3683439;434595934;6472873110;46940069911;67804032410;558069083;58999922873;0;6391303;1993618819;0
26763;252779553;54030783;111835788;66134442;12208327;281544569;15156324;115717891;5431177;472906098;6106583957;46645963795;68642156138;11357135;60728482757;0;5525137;2375765362;0
96449;228774955;143315988;115453757;49093261;9800912;1163695074;8344627;118585497;4106375;433145155;7508093510;48585923402;74019395429;15971433;65105763584;0;4057940;2002575619;0
1842781;511338512;384216482;122409181;32937557;7737704;1106859759;3369006;136202031;7869807;446521109;12519435474;31559329572;61582180585;14725117;53713470035;0;15893460;2245384455;0
1880432;287676134;63724990;128207068;37776452;18785661;453897640;3515520;156462766;58285148;292349565;15201989394;33161635612;64078321305;23881646;50736009039;0;2268889;2255409782;0
331784;817533854;39174779;117292141;42522863;7857636;663385181;3177144;179130566;14877739;256229044;13642782052;34968315621;68125222935;10082717;53379955207;0;2015975;2043750217;0
201444;326684812;24995022;134546735;26082369;6665714;943212867;3187799;243488292;3859414;312070560;28832420581;46097010755;96157882729;7245098;76785208469;0;3901725;1586779984;0
58262;328906142;20688331;183342156;34280975;4055210;1237186498;3280627;330258471;4597301;354547094;42355043731;53934719935;128913000000;7136973;102050000000;0;4862577;2124594349;0
31739;398099776;33056641;179607993;38969899;3427546;1638350960;3637121;371705052;6788966;368587953;50067494125;54346988678;138066000000;7205448;110646000000;0;5368758;2451586419;0
12851;379956872;31530481;193628795;42024558;3310905;1749125144;3455838;424630651;7405873;397862510;58386795174;56568276552;152012000000;4527888;118632000000;0;14744801;2871994045;0
11260;332536007;13252132;165750043;41564597;2170849;1435273969;4135780;401678890;7814811;399690225;49497586746;53119953149;140237000000;3675084;106087000000;0;9689875;2723207982;0
11187;409747404;12627823;138144415;32372013;15071695;1670466730;3665023;392986651;7068923;385845332;48061284805;49633942214;138048000000;4778457;105717000000;0;5130545;2578794642;0
12348;380953419;12786268;179360440;31252099;3922154;1626456768;3854614;379984484;6030084;395950807;47214708731;52306516676;145645000000;4706730;114118000000;0;6413611;2469816946;0
3026;360160269;27013936;296639140;38412254;2569211;1921372286;3536015;443515899;9339582;421243959;56443952389;57950156618;156329000000;5805490;121868000000;0;10104652;3481094613;0
11079;316916156;23705879;202411008;32440481;1297352;1755731107;3557723;411809572;6763973;411402447;52829401152;53049842658;139638000000;3571452;107786000000;0;8771497;2701060928;0
25596;333556832;12508005;171411076;31677390;1270892;1982545235;3652246;417505215;11477254;414111047;53752633505;46445075362;133690000000;5783363;101036000000;0;11588402;3822413957;0
0;313126722;9381595;200789642;23504377;1133962;2731078006;3684439;457230376;7367879;431234427;54235418715;42646052748;131560000000;3592052;98923590103;0;5226743;3046882185;0
930;333502166;7310962;191203060;21712319;819024;2050363459;3632311;384082427;10640379;443860513;43152437561;38839693600;116649000000;2317784;86634129848;0;4742094;3979302613;0
2266;254999424;8252773;182901277;17537368;801249;2090484281;3713998;382035590;6773968;404742462;49292836958;38101320775;117776000000;2613208;88951412904;0;4348299;2638482041;0
1341;261777499;265444698;343840521;13096460;167663201;2593749575;238054576;344376893;5546159;382124903;47294937629;39319730811;115441000000;22339249;89299514154;0;3907315;2503543838;0
18805;634758947;140069001;255015601;10620377;85685482;1713785101;122005014;280649889;7682834;373672185;26174485503;37292910152;86235068429;14324011;64993654747;0;3366054;3276366387;0
37050;820527606;113482586;240374934;51445666;15185992;1147704008;13763020;219851186;7112917;967979846;19765601194;42348541156;86068663067;14926133;70546555152;0;4894429;5354433349;0
2002;638811132;616288840;179079261;74473154;152892728;2063064865;98726922;243865046;5043234;367295156;14554615321;43467140752;80138765220;16791010;69332731257;0;3514975;3879304107;0
4477;582300285;98165112;118319278;46752729;38602758;640598729;27783221;142034672;9958487;1384281551;11358267619;33372405983;59944293900;8446072;52982736733;0;10241489;6369489762;0
7566;590700350;646724661;119634962;28520842;22694315;1124240920;25290413;109467437;9826505;475591695;6793520943;41846830584;62330885301;557817466;57255109185;0;7999427;6800821477;0
29111;757273019;126601434;111865388;66201678;11687815;345441726;14987469;104661126;11065313;527397812;5965065029;44321504851;65350468744;10871620;58959945418;0;7160051;4849698000;0
54151;600171660;137250011;115494408;45957841;8753999;1230117919;8511960;107651780;8634693;428449860;8551938951;48037305437;71294295270;13383925;64866304732;0;3110991;5633704603;0
21302;544993041;279105075;117234715;32251415;1807085;1333709374;3269664;113422608;7056926;444572416;12918872175;30715161579;58608059289;3908418;53775064017;0;17310034;2881130468;0
9516;198762095;139173382;169996603;34557065;883251;508541117;3456848;132256293;3445476;434028014;12341277989;29048473365;52578050722;2719813;43262967754;0;5239564;1909767712;0
25955;203959890;10610275;119884322;34698906;1357600;514062003;3368350;159467875;3114527;440059098;14539094629;28682480262;56346295821;3911772;44525182852;0;1833127;1902180661;0
23690;244903248;10346066;155638202;17326064;1522572;1216452687;3644420;250194363;3923405;476855499;22324143059;30000939750;69378879363;2834559;52080780617;0;3864821;2405256710;0
21177;269628224;11210776;184206244;27437573;1215791;2015655191;3674777;391386134;5234205;536482440;48771824743;46943888531;118660000000;3862746;92759601473;0;4842721;3068493979;0
27798;285324279;11748956;142821743;24684898;1284757;1763869816;3728087;390444315;5645144;561242674;48353953959;45556076331;119439000000;3595138;91345592358;0;5506924;3330627809;0
12571;302508146;12479080;233369680;30420801;1323578;2056198251;3505944;440215477;6461015;581085644;55382337374;52437729949;134437000000;4059837;103811000000;0;7122690;3665436121;0
11510;296197281;9969024;235839430;25406254;822508;2389884184;4533296;459621146;5800118;573206862;59922095197;48698010953;136466000000;2826621;105303000000;0;6156890;3243655592;0
7065;302441565;8466010;239032963;30297684;836652;1950207762;3735822;443818350;5726129;569129466;55815620325;52087015255;136006000000;3047910;103849000000;0;5887325;3202794124;0
2482;298580519;8849781;229609621;28305608;1058653;1740773676;3758972;402002243;6056080;564965099;56048028467;50434007171;131157000000;2811872;101895000000;0;5235014;3086735221;0
9181;268097994;8351449;247869420;24585181;728359;1937466282;3424483;381052209;5559156;544370233;55891248291;43267780912;121818000000;2674493;96317707339;0;4694285;2758125854;0
3009;279793515;7986319;199069995;20066186;773105;1632969307;3662299;339713748;5285199;547270795;42536297243;38529768526;102847000000;2642989;79298365568;0;4752245;2729526101;0
6726;282132346;7621787;240567006;21317640;749336;1848187589;3757864;352176945;9646532;548422617;47058792971;38365359375;108175000000;2542087;84615161288;0;8872278;3372544675;0
1944;261884168;6853068;184856439;19550180;551522;1816629532;3810071;337294770;5714130;571021176;39499521649;35417607426;98111911322;2141786;74815064283;0;3432463;2692213397;0
806;308058370;7455369;240088883;16416358;618675;1812603337;3564656;326043807;9679532;594381645;36687087916;35489578603;98273385015;2012566;76433192296;0;3270025;3653632873;0
939;228347450;6485068;272447842;14071948;443127;1498235976;3803682;288170162;5593150;540004916;31119985880;30674138154;81588336053;2057841;62324941549;0;2231395;2462398894;0
884;239806622;268008199;247667839;10075217;169141064;2139873860;241874491;276268329;4548307;527599769;26765766047;34538940251;81642653766;21824890;62964022001;0;2474000;2589754434;0
1184;241704060;140886222;224783595;8588634;85684176;1514005538;124091849;243034253;7370883;534343762;21480176069;34210014195;72849261673;13364872;56093135754;0;2625506;3035280566;0
11174;245764868;89908257;192259771;30944095;12481465;823618396;13422113;182686822;5961093;1058408087;14947159419;37061858086;71713016535;7482917;58838846263;0;5145647;3793532936;0
5934;305605440;360482753;130698147;40785533;163173034;827553566;98052005;176157092;7834811;551868094;10017905976;37900011695;69553525775;13573096;60295143315;0;3276726;3657317780;0
4831;226998048;56843550;118979049;23750617;24095335;422513833;27727241;124390599;14031865;1481489766;9444357972;28837006549;52040516281;6776099;44151251678;0;9245579;4305738919;0
4416;206166911;606741888;119635364;24795971;17816619;1061697790;24748338;112038862;4047387;540060899;5697817930;35606896988;53158094937;558006522;46173389636;0;6331193;1799518322;0
33394;213252782;65030349;112126265;64359753;9679770;291938268;15011887;102610884;215712201;787010337;5444826951;41419077661;60251927487;8629309;54592584584;0;7397811;2606766070;0
39082;206826588;304209228;116266756;48266565;7733943;1347704857;8550637;106423417;12683065;541539664;8220551033;43536916271;66465430285;12568485;59812284263;0;7871114;3424493646;0
14820;547313793;8734082;116927482;31503757;945305;799850507;3312136;107917242;7689831;543390385;11433845601;29103471423;54494291305;2979130;49999989425;0;13404199;1865340978;0
18193;173816509;249702962;120204880;34290025;1393562;530127061;3307073;119440122;2602606;535058666;11559297721;25592786187;46181892376;2548109;38112169077;0;1929042;1160389235;0
21075;208144239;10468085;144021176;36920668;1458111;562247063;3462256;151637558;12928040;546574906;13936020976;27912642537;53149666300;3717217;43570545019;0;1584094;1523148178;0
27178;200387886;9559527;253097049;12245163;1510035;689757089;3729800;186544313;3511465;569185466;21146666384;24557736533;58055649946;3532653;45033895645;0;2172856;1441968745;0
22935;217108138;9385064;226866789;18083093;1050124;1071883072;3847490;246938075;3591453;598936947;29822013553;30459078551;75884068690;2859533;58271015105;0;3084570;1678344282;0
11096;236463632;8947930;293864049;23270833;792699;1591029801;3657280;319547579;4257355;628638418;38351335788;33972786266;91834756227;2601750;70311623864;0;3558704;1923312802;0
10472;247273009;10177218;219110301;27648053;752496;1502015053;3669838;333158718;5229206;649252297;43636674117;37452002297;102125000000;2538210;77795931601;0;4162239;2172388396;0
8866;248348260;9839095;328144107;25406627;852904;1486409420;4103110;341540664;4863260;657446057;41815175180;37364901736;101290000000;3983201;75631841753;0;3932856;2063276588;0
13429;253938519;9171148;238580036;28010256;1019016;1457809134;3828006;332176425;5005239;632409851;42833239907;39545794423;103281000000;3234867;78607406420;0;3736288;2053219418;0
5617;257698581;8535059;219453609;25863924;834744;1662014463;3683952;340882366;5127219;648785367;45753790542;39454867546;107117000000;2673234;81849001705;0;3703240;2088503732;0
3094;241445537;7507001;251121228;22553704;765470;1739000189;3663908;334565572;5340190;630470133;43082062346;37880581337;100897000000;2445761;77908370766;0;3493319;2287761168;0
4578;271147519;9187853;164098647;21488241;689848;1795887916;3758890;354315762;4815267;662017358;48148190339;36940304191;107606000000;2092094;83438127608;0;4006826;2266701516;0
879;264825733;7076405;190055370;35202015;709002;1597828198;3859384;342451811;8962636;665405833;39243915142;36677193193;101076000000;2381037;76101833353;0;8091605;3262328345;0
1744;285278810;8096538;407795613;35358016;990105;2051340406;4090057;384248325;6107071;712606666;44310609922;40483873793;115629000000;2346954;88179880211;0;3098335;2985057131;0
2490;311500678;6751821;331123873;29748916;563799;1952737116;3694983;352839235;9296587;697110003;43805457091;35993245347;111662000000;1864729;87908636445;0;2782913;3426713669;0
1104;232053090;6382910;404375833;29568516;506072;1573113112;3780369;304178067;5850112;641790425;36246159127;32702515838;91876974733;1948232;71494905051;0;2358656;2431871233;0
914;243015051;268482301;261448385;26708985;169576852;2142710014;242862483;278989977;4454323;621991440;29138518615;35517387189;85841602912;21690642;67539738696;0;2305909;2100535471;0
1177;241636078;139646173;181761205;29434036;84897736;1133855234;122707712;214001429;7027934;647508563;17806708802;34292662972;68214341722;13584132;52746821660;0;3795654;2733546242;0
3849;254593051;89289403;117993219;38456163;12482239;725535369;13350191;172425790;11419269;1153611611;14531344613;37013404628;69533719767;7831008;57761093527;0;4915821;4092891631;0
5196;276359612;431167128;121284407;48515450;166011618;921109940;98312084;169478079;6312041;657968955;9826609067;37774973212;68137977736;13372266;60405594573;0;3089376;2619429622;0
5623;214181461;51806072;118130310;31463634;21530710;382100098;27778472;114619034;13851893;1565608985;9817016283;27915039566;50769863698;6677725;43676505629;0;9077363;4425420648;0
4554;189901251;794312628;138489841;33825355;17494813;1063627920;24082270;109619394;3875413;649524255;5384409888;35295966550;52387129859;566331693;45681867835;0;6122502;1836158661;0
26510;201580127;78849232;117982836;62634778;9769408;320060553;15127315;105320591;5146214;664587953;6674042410;41135687471;61355610842;8685612;55649904878;0;7000340;2162213471;0
53306;199745031;117917693;118226807;19766776;7651198;1150268476;8640117;107980276;3841416;621780477;7800950542;41985320088;62075108957;11818561;55756829046;0;7682242;1814751685;0
2829085;555076840;70778452;122507202;1888328;7236494;837124382;3520083;125169097;29641501;655706317;11223876680;27891863593;52985281464;24252012;47923557238;0;16361370;2365307928;0
890620;413620320;494512528;127681445;3505790;17059013;750398254;3814431;134514051;34168813;233089563;13084880380;29406102116;52852581671;18901075;42719304017;0;3204748;1467309175;0
347024;434242744;37354262;138212570;9216877;21141951;437862900;3305887;163931330;18478182;260583374;18626701323;37592547153;70401357806;9279276;57889362715;0;2178022;1750783852;0
74616;421471516;47503812;124333744;29302760;21129920;730624031;3399720;220928721;4580304;304881647;26410025516;46682534641;90768669317;8638309;74174978985;0;4882483;1666839535;0
60567;320259046;24549183;136574725;27468888;3474125;943850140;3593818;294016068;4652290;337812645;41292659592;54494481666;118398000000;5676172;95297090072;0;4771103;2001914307;0
17410;346022336;15043700;172678118;30395525;2983841;1121766954;3582379;337128881;5601149;371820466;47482408945;55123248154;131012000000;3917889;104981000000;0;5704979;2334158683;0
17371;453497786;19551402;143712875;30160862;3073522;1395972530;3366464;384643712;6152064;398496412;50608743281;57982401872;140399000000;6253384;111588000000;0;6353954;2727569031;0
17948;316988833;15067052;225587699;33966841;7145396;1510623340;5136518;379776101;7003935;389268817;51691144014;60141257793;143682000000;5027780;114838000000;0;11153847;2679574041;0
20295;400875039;14832271;145895025;32966999;2585699;1504539025;3532984;385232790;5772122;400338129;55308234933;59233045226;149288000000;4245599;119342000000;0;5997976;2567920297;0
12690;423343007;14620205;157480977;33439097;8435744;1406352132;3512690;393631987;7855806;415928766;49284884485;58887059652;143243000000;4571658;113256000000;0;6475687;2670132057;0
12854;328527429;12438628;173906356;39683256;10542015;1744859944;3585102;419325126;13079004;418835317;60536462316;59976210650;157030000000;4209653;127030000000;0;5845722;2940841432;0
5990;380719465;9371894;276925981;27378180;1367116;1636856658;3616050;358889646;5850112;395524857;51567160008;48428539996;125179000000;3187702;99300518926;0;4531449;2385867523;0
1358;360789076;9139428;253860696;20777093;1064948;1715259689;3776862;355673992;9589541;379158359;45891250456;39483742680;111061000000;2579623;85272984189;0;9088947;3061015520;0
2925;304364149;9268143;268167418;21012840;1206736;2042623310;3820996;384656372;6272043;408378904;50373790676;40956092832;120147000000;3369817;92526949843;0;3850268;2598408305;0
924;341084574;8614535;322810509;17437311;1280622;1901017332;3666198;377447898;9118617;438816287;49759162945;39494966564;120508000000;2823889;92697462299;0;3782247;3234494349;0
1488;262745720;7426386;305303539;17037578;691515;1895023663;3722024;365167321;6811964;390318641;51193164106;37564747590;116429000000;2327804;90259587123;0;3442055;2234048560;0
2526;248451616;258141228;271050699;12275341;164679425;2399876880;231219786;324557117;5275198;358599477;39249064236;38263938960;101015000000;21767875;78608580319;0;2730360;1927944636;0
11702;240857003;148591505;231292712;8661535;131952236;1378793864;129731950;247054577;7125916;358567485;24427233387;36102655256;78371769588;14469589;60238270809;0;2603875;2325429092;0
21170;256741175;110599891;145906124;39821160;50361425;756287389;14160916;176795747;12795052;705138805;26440332955;37509085794;81549124607;15102416;68697279883;0;5927694;3593589539;0
2316;248261190;188331487;151439189;42021999;226643501;633336745;98225722;136098722;6633995;320909202;87384822574;40170947984;149268000000;16490727;138982000000;0;2976894;2028083639;1
4416;218681395;37680095;136198721;21868544;40270360;327568088;27559552;117560958;10885346;295546072;10971419491;33800089633;56956508605;8900711;48618040114;0;4998731;2595304492;0
4709;179603099;694067537;116623717;25081125;21370925;1085653172;24395388;111593357;3604451;295067144;5357294588;37779381990;55796763289;581028517;47992520353;0;10792838;1470112965;0
27317;207160978;82681293;114246121;65741876;11645809;272237174;15036776;108012579;5192209;331416611;6116963943;42621032404;63326648463;11312043;55789184902;0;5188043;1838125295;0
48679;196833607;311263724;115101448;47567726;8399449;1320749300;8419819;108715010;4611298;299212505;8601779305;44964852479;70164723085;13653709;62230092235;0;8927101;1634942786;0
3253683;674999247;44018879;155191151;31614352;7384913;979790550;3391068;128412228;7597845;320636254;12945343553;32019390245;61389607207;13094650;54739798427;0;8636982;1759502120;0
949940;755524077;563092157;128159575;36059228;17306678;910720963;4085825;143291990;55499569;255950086;13617348229;33690506528;61377247376;19129434;49647969530;0;1871551;1483588002;0
57800;261892157;35674049;121697765;38211512;6457561;555711727;4009526;178013658;19110099;258086777;18488547370;31283661611;64732993421;9531608;50587634915;0;2175119;1670690663;0
86001;297824639;24525373;174763371;27556332;6327016;965606958;3990740;256088963;4057383;295474084;32596595972;43686383460;94340686819;6808314;75168466417;0;2828017;1493216628;0
148103;292726517;28793155;243654000;29497103;7124378;1191459559;4155419;331431927;4643294;342397943;47455209655;55897972768;125928000000;8656759;100429000000;0;5259633;1956055701;1
37040;401818110;18695058;247672205;25711176;5227873;1358114861;4980697;346630563;5254201;358572474;46875933158;55307327772;128469000000;4512576;102925000000;0;4553384;2052097311;1
13667;301932051;17246350;161882758;29971521;4206239;1404281325;3913082;382031624;7055929;377275635;51244490859;55846604766;136117000000;4290963;106849000000;0;5375781;2307655035;1
7317;306238202;15703075;242488058;34879428;3304331;1520269125;3838374;398699160;6002089;383040758;47408588317;58949537172;143636000000;4074428;114982000000;0;5029257;2276686215;1
7203;459623949;50105592;541896180;99009715;26447856;3182633037;6626073;1568799836;5288199;350062774;201644000000;72080372600;489846000000;10720262;447436000000;0;15662124;3478008559;1
16138;356791036;14270469;166855974;33573916;2429968;1671441272;3663289;430891601;6808964;405111396;59414111318;63980204515;162160000000;5089641;130872000000;0;6328134;2602853769;1
6791;305077107;10517094;205169272;49365581;2212911;1913572062;3476317;366344347;13081003;388429938;46984619212;50395263371;125329000000;3466038;97802495545;0;4136800;2656597897;0
25966;299063832;10078755;271749559;27909930;1252103;2188556636;3496762;376949220;5725131;389127825;50466681992;47802181852;125963000000;3031719;98340756818;0;4797834;2286543001;0
2853;292051646;8770620;480389561;21227294;1006753;2251853287;3749725;378490063;9610538;381190038;52491575788;43580707406;123849000000;2697159;96412455928;0;9101055;3062670575;0
795;301974501;8348301;255818151;20395685;1013329;2922174954;3812580;430454201;6061078;398720388;54108645159;43171402502;128334000000;2705320;100166000000;0;3715382;2596054603;0
1360;305012547;6822565;277956333;22150432;800336;2828881247;3634860;409669291;9723524;431698368;53639631811;39375429094;124418000000;2172831;98304673793;0;3256795;3196918040;0
1355;225227320;7016064;252456443;19087816;766153;2449826421;3477311;348092974;5633144;369763783;41856861850;34516783976;102137000000;2359547;78022292218;0;2915376;2114907454;0
3534;256712933;253067233;212743599;9994119;159902726;2411711226;226869151;282147581;4594303;343014850;29861914062;37567549005;91826811238;21488209;70171757672;0;2583210;1964234075;0
105101;248310306;154637152;186268723;8166108;141101466;1600451820;133529524;219671410;11793208;341173119;201437000000;31975509595;255113000000;14845849;238348000000;0;2223409;2904415957;1
228292;260559676;117815733;141072765;30891018;57790241;929769640;14217179;184795576;12057171;981565785;16011346458;36220501053;74152361045;15691387;60162491911;0;5234814;4260249981;0
8058;251388655;426881632;155288420;44812211;206508000;1051741774;97642051;184204292;6842960;392797274;10281265613;38132427354;71574320511;22292698;61244142365;0;3533340;2504870129;0
14881;197734445;69173732;152782927;24252392;28391246;468036165;27911856;136288733;10990327;1343162793;9704743914;29702933184;54375302696;8697075;44352404907;0;3989451;4076523759;0
6789;199598154;748910905;121305098;24143670;21788119;1152730397;24776636;125732693;4239357;473877954;5581184907;36175898509;55836299619;558485355;46460597901;0;7570293;1828227085;0
25422;200402483;124685680;113023070;63022512;11511322;345032001;14883444;109065830;5176213;462107736;5552022691;41063485545;61505443824;10425521;53916973798;0;5105523;2130401536;0
42934;209230173;143212787;116451055;47591326;8484392;1196669869;8487629;119905857;3660443;425603305;7679812364;44859184321;70199405839;13498060;61430418397;0;7845989;1722190226;0
4121016;624769541;75624688;135015473;32219914;10152972;1008684121;3488900;139236893;7886802;446790069;12953934695;32408512449;63537796481;29619781;56184740980;0;12488040;2023099775;0
1731338;314236501;323923815;155274230;34628671;18377525;732753661;4288543;148358364;57574242;262403097;15749141387;34018363176;65699007103;20185904;53084870634;0;4156207;1659477884;0
321848;279047969;35256220;120206026;36743765;6250102;594996652;3767937;171931024;19909973;255734111;13174821891;33714837180;65637432803;8440113;51120984226;0;1781904;1822826850;0
153798;350985107;26427720;177729214;24878872;6714705;746856407;3412968;215879675;3806421;292773485;22559764253;42780877715;84947985464;8209979;66785730567;0;3135823;1441025083;0
140056;338478323;19052377;172255253;36776278;4337325;1227434600;3470650;291123138;4761277;338146586;43306394062;52358651976;120275000000;6529448;96451241097;0;4853818;1931660473;0
28556;358546748;16600951;168643842;24613127;3168649;1306967559;3400950;309405334;4360338;338382556;51508505804;48804530072;132943000000;5805722;108112000000;0;4202207;1835066025;0
35606;331381267;15653605;181160457;31410051;2623836;1529027044;3416320;336507660;6048080;366078348;46348988017;51377404494;127853000000;4642319;101430000000;0;4281018;2230188576;0
17775;452151883;16792893;180903561;31187684;1925023;1578139334;3943119;342725842;5265202;368836925;52733282823;51783346947;145466000000;5503690;118630000000;0;4626223;2195492512;0
8071;347917128;11961619;156839908;34319545;2361480;1437761575;3413341;335207118;5334188;364061639;43980006426;52252584599;134773000000;3403986;107996000000;0;4759601;2168722172;0
7540;564373116;12236824;191180286;37275786;2046367;1652208220;3515425;365828668;5436172;386251279;49942514403;57816648777;173959000000;3245967;145091000000;0;5066607;2414515387;1
13878;661956380;24103040;192763548;39040967;3426219;1942118283;3721503;397604393;12978035;416251727;57058332195;58645064856;258115000000;7066522;228453000000;0;8740179;3191909852;1
69335;313383002;11280328;159362788;27781919;1284801;1666822067;3455490;334517292;5517160;382179896;44508217243;44951069601;124746000000;3645181;99262697575;0;5344502;2323141221;0
6489;369054581;10094401;234167319;21906251;1176153;1918680505;3596996;356994057;10433414;396712697;46356265553;42766915616;121656000000;3094306;95682120224;0;13463440;3605665907;0
804;296298138;8700516;216906490;22811596;1029572;2358746568;3801414;397095717;8024779;415607807;49220060977;41120152566;121891000000;2995886;93087393017;0;3846193;2675064147;0
1669;319432911;8309477;241186368;21704557;1000729;2364700385;3741607;406839498;9861501;448760770;53827728659;41285497323;129152000000;2519663;99913125380;0;3678989;3404740886;0
294;243458179;8257772;157799170;18445633;711227;2125198305;3696159;352966950;5897103;392913265;40468807537;36486564631;103721000000;2437158;78353269822;0;2939081;2214646587;0
2354;267004016;269274419;228305800;11057316;169849879;2357287119;241215217;295555613;4470319;357351660;30740028929;36762871822;91008746818;23363114;68858090565;0;2790725;1958772430;0
21086;247063237;139729100;161202879;8752367;85234274;1609356227;121211421;253903369;9662530;382888792;22298194999;36306007586;79147380259;14512946;59526797333;0;4326712;3089734173;0
28149;250521975;120404475;156123349;32177268;103919481;969521358;13938142;190304726;7720828;964361392;14210147888;39743837520;76444906755;17057165;62103088875;0;4951269;4779004884;0
6940;284841561;425513713;146883205;64479944;155372417;876604376;72650011;167249606;6237052;396800676;8468603599;37614869103;70152969437;14120972;60339092373;0;3738930;2506385861;0
5979;234071507;58712840;121716040;25108631;29840477;482733978;3242187;128650656;11859197;1361279049;9869366145;36042888565;61327249255;6815318;52782091548;0;4292479;4186411151;0
4296;184238512;687302523;119964838;27644614;6587496;1170597888;3412211;115888871;4043389;466527090;5325165384;32228437400;49816459959;560494702;41967996348;0;7875770;1790811431;0
26603;202211168;348242157;114536936;69516320;3569815;574455304;3213642;111552266;5786116;483936413;5837944722;38872382439;59776276116;9272865;52621410018;0;7159559;2272171932;0
45669;201557899;139569395;115320015;49831261;4922135;1177516476;3148017;113689899;3913405;437013569;7194811493;42027023929;66860106933;12238104;58938933201;0;5521992;1757446294;0
4047486;644494143;58276676;123270819;33796215;7909355;818666240;3521784;130954942;7690831;443066644;12682947031;31901625044;60368306236;15741117;53713338529;0;20689921;2056722359;0
973065;266075499;53389532;141889095;34932811;17492193;425522382;3849286;142001604;54793668;254790253;14448980551;32588856756;59553685052;20521262;48887449195;0;4641129;1852599388;0
83450;368219129;314445752;127108140;45062731;24597195;775102842;3268205;165043505;14917734;255913100;15482285343;33724635199;65686542713;8842109;52915485419;0;1727554;1989936022;0
121641;325896194;25140738;234302136;30935440;6794957;891425645;3370770;222372379;3900407;290552817;25777037641;39773552234;83171877019;7973999;67540135164;0;2906434;1449392369;0
100472;304275719;19681790;176566178;27954032;4807107;1392446339;3464544;298791549;4737278;334225187;39462066045;48277120595;109205000000;6507459;88583927545;0;3536097;1865601500;0
122166;334684897;18167205;131511886;32403398;3585905;1410790645;3469096;306261749;4633293;350994626;39815629904;47970485633;111247000000;6347310;89617388881;0;3613648;1974337954;0
25286;373583576;16338376;250724151;35848013;2612002;1439208683;3461910;325311585;5819113;367989051;44407603715;51314177055;120757000000;4366264;97558264632;0;4027113;2221012670;0
18938;345949931;18326794;297807617;50757973;5732073;1526165593;8590429;330778267;5036235;368725947;41143094966;50948796169;116711000000;3300846;93179635731;0;3455685;2089026392;0
12366;274375201;12961963;143806516;46403281;1845976;1448000862;3490468;321394828;4726283;369420835;37560607519;50015524055;114100000000;4612514;88807723810;0;3447355;2089132702;0
8019;365934992;14272285;207902097;39173785;2158154;1544931822;3654651;341532625;5374184;384224590;42388467902;55485876473;125366000000;5256148;100363000000;0;4298396;2285733707;0
2862;317761310;19185866;181708334;37767918;2053135;1551665613;3574000;353979346;7284892;401221994;44854356305;54142133463;126933000000;3591077;101059000000;0;4209987;3047237407;0
42161;292130021;12185188;165256603;62629112;1147344;1556437868;3649291;327921982;6551004;397666553;40307394925;45034513465;122268000000;3920894;99169880439;0;6074084;2591600978;0
26494;336984946;13771838;186734937;21971918;1087861;1881279388;3731344;345984805;9374577;385335420;45111889691;42313423612;143304000000;3521514;120275000000;0;8184484;3199690840;0
428;298895638;9101438;190730489;21980101;1183268;2063263906;3901030;364189910;5927097;403216699;42194209930;39617719064;107801000000;3311109;83810863066;0;3262974;2565807369;0
8920;310379777;8737848;247310707;20759782;983447;1836989339;3765136;342552063;9928492;432592228;38767436673;38220091492;104054000000;3386433;80007006537;0;3093833;3230140920;0
0;243647365;7870352;190497712;17557613;686359;1794282330;3725342;314964714;5834116;386134299;35057121654;34312690300;92141113107;2307197;70525826639;0;3046609;2196601066;0
2872;236434501;253867941;154226963;11991334;172139252;2238094288;227163006;284940950;4736279;363929675;29380366871;37407252806;87703652224;21848629;68084533193;0;3193808;2184448664;0
24882;278843791;156626523;231441539;11456562;105232385;1672374101;137607497;260184380;12502100;389239817;38528113298;38589336761;96643453786;15287085;79043764241;0;2682679;3473163583;0
64349;271694662;132157963;216439894;30657131;15619985;854787162;14219968;176573487;13000025;1030471341;14068344762;38486793341;74246418724;21111046;61690086665;0;5083646;5118752197;0
7775;257887113;441023907;205549901;67229567;147457301;947232700;97934190;163995559;7006937;391286513;8920881912;39640308414;72899665225;17421499;64657262940;0;3842413;2474780789;0
4912;203521983;103342472;123414554;26198624;42915412;460062812;27530349;127938352;10853351;1348583977;8946093745;25919383295;48541564873;8713007;40429333843;0;4676137;3868219932;0
4647;177863829;768890503;121115514;29959969;20334773;1283113147;23630425;116245614;3890408;421316956;5072119897;33712866784;51845847443;538146543;44152717724;0;7032506;1614532512;0
39650;180904259;191193303;113648947;69060308;11240472;405248233;14953415;108640922;4804267;446190160;5103976953;38970033788;58867970232;9694751;52193297369;0;5417401;1988105914;0
49535;176184849;305028999;117303077;50392080;8476942;1384487678;8460592;116548221;3023541;411959366;6839996666;40586159101;64901705298;13041218;57283242496;0;7602226;1519918448;0
5698331;669980675;54811639;121192180;32868043;8843736;866121435;3349154;142721586;6789966;434338968;12619934800;28343055141;56958755380;20788107;50459194553;0;10209629;1814082829;0
1825945;418320656;55459560;130168273;36057317;17798198;388394208;4524001;136955648;54503719;245718643;11534122298;29681202651;55307628343;20511396;44576445914;0;4531496;1788611706;0
98063;265441884;310290684;120309491;46554048;6312433;800966593;3666484;159887176;14878736;238706702;11815852328;32969204409;61459430719;9335852;49309416316;0;2075439;1875875958;0
207644;295002348;26573824;119692250;53514676;6977047;839716079;3269623;212438083;4116373;293509376;22978797604;41012917946;82520342148;8588687;66731680164;0;4690543;1507951337;0
54934;266464504;29026163;158044863;26867657;5425408;886634443;3370796;255368096;4989240;315227073;30735780723;42435585834;92701055105;8579245;72956009729;0;3847423;1783265789;0
126924;459911083;20332290;163479697;39708129;3789697;1295327957;3465767;309752662;4683289;344844575;39814193004;43886351695;107708000000;4715585;85133814148;0;3847477;1858855855;0
24709;388481738;22383061;136991484;57468779;2757262;1349205984;3641296;335236065;6356032;398840359;44972712648;54485505794;129448000000;5261653;105367000000;0;8364417;2520584230;0
16138;347058488;20135629;143687124;50860507;1915043;1372958480;4155145;332152251;6431021;377223646;46109648047;53246206483;139176000000;3256547;115094000000;0;4536732;2309035709;0
15294;459445955;17760756;138991415;58750420;1933798;1340060157;3492594;321106764;4868260;373123279;42509722949;52293716319;122806000000;4160621;100015000000;0;3961186;2051286549;0
7052;367514247;15664893;236947899;50673748;1752287;1313025313;3625802;311786540;6654986;366437289;40641850551;47060455256;112897000000;3711194;90344528338;0;5094025;2361372791;0
48206;335387005;13838912;146568239;35576621;2008963;1369137773;3486256;324798819;14438800;320158329;43574834631;46963921648;114631000000;3203019;91195473188;0;5466827;3614685446;0
3771;297002928;12028432;652407720;43155510;1162529;1493034257;3654669;298221265;4475318;297080833;38520486709;40453683720;101164000000;3015159;80868282067;0;4050171;1920796868;0
969;257284818;8830243;292876476;20717754;1430891;1553273064;4100825;296908029;9101614;295338089;41404135062;32032143796;95054803222;3003988;74641089845;0;7082147;3024024180;0
0;264523368;8015088;223555302;21418582;1018763;1804983843;3933016;322854336;5822112;316680860;39429414441;33305033675;95785369767;2805459;73907864270;0;2883505;2330864670;0
1715;269651216;7227117;175269858;19073691;844541;1750452422;3562548;314246461;8818657;365053489;37509729390;31985524699;93812478926;2362468;72635682963;0;2678987;3033150903;0
2067;234891327;7630628;248802071;14459033;992665;1870103982;3730458;303959256;5148216;349800824;36515060063;28855493861;85402761754;2796363;66292049371;0;2243348;1884205774;0
1933;225616256;260722109;225087441;11367561;164790917;2246761235;233824046;274736133;4409330;330653736;28955961167;32828550896;81873729870;22030781;63622768518;0;2416798;1814622119;0
13241;231819632;144447951;260005527;10518502;88562242;1435291661;126930835;218024401;7223899;343372793;17525878885;30976133814;65335872979;13984225;49949897910;0;2361125;2660389749;0
126936;284399644;131934011;135554437;41251043;15309893;896128623;13807866;178687777;6643990;1025291125;15881791118;40881007745;78505703622;21758239;66766332016;0;5202400;4829430575;0
2129;277571434;374843814;223371050;101017517;149405148;958041733;99387847;170602863;5193212;347716140;10134773967;40180835633;73715456532;16874201;64411321039;0;2886848;3332666385;0
6248;202127997;108464513;116426960;47544080;41385787;469956672;27229559;124164325;11034323;1366456264;8333733141;28428977911;51125351920;8493310;45148616622;0;4716019;5783461900;0
4023;181517987;587274261;117836280;39323194;20577214;1053748763;23197695;110372575;9069622;426154207;4498615727;33290271194;52169829382;540219632;46822984326;0;5823739;5592638525;0
26152;206261692;316862291;114393982;67397845;11310087;548990389;15199958;113461628;3428478;458430305;5283893639;39168803419;58800375421;9789788;51690750248;0;7284120;1872981687;0
50594;192057178;157107102;114643678;48098981;8427629;1191982928;8529537;110594665;3662441;410633561;6424927499;41679645406;65659655362;12888344;58090810854;0;8793897;1633491197;0
10489;588465631;9350939;115600333;31464883;1476029;772583045;3252841;118653306;7180907;426869108;12657348863;27638428617;55545253074;3349037;50045826762;0;11326904;2745633977;0
9335;177594343;9325087;125399798;35130003;980246;293081634;3546834;124588144;2969549;419783187;9862611954;26506391537;46692545456;2791821;37758678230;0;2975451;1532306582;0
16020;189978255;287874978;123665577;34772814;1634488;721772373;3653158;143153767;3107529;424900397;13292661975;27489667547;53081762856;3926089;42839032243;0;1615507;1706603202;0
28482;199948107;10685893;129160177;14869169;1437022;858410681;3579477;201602348;3618451;454191952;18411261649;22718889045;55215816948;3896274;41140096474;0;2581268;2203691970;0
28404;213160958;10131457;192721885;20589982;1405696;1462052993;3611541;314721232;3741432;482722612;47470893146;30894921323;96447882328;3307394;76139235115;0;3710622;2215271407;0
87127;499953703;43869677;962168841;87104737;4717817;7346810896;13292902;4450189400;5536157;432407251;186139000000;79283148457;698799000000;18405275;626261000000;0;33823936;5529692983;1
13922;484581990;53963352;1093489403;71828255;4081871;4602062262;16358647;3021427852;5103224;430259588;109463000000;71386202297;627281000000;19646455;578423000000;0;14073186;4536906228;1
7197;261296990;11737026;160905083;28823424;964992;1554705015;4660343;399234033;5548157;557075305;64237560549;43899447196;133789000000;3514906;103350000000;0;5261968;2753345926;1
17780;246566618;10654753;305759058;25552067;1456516;1604807039;3908314;359596072;5129221;525347121;48857772734;37876802437;109103000000;3933809;83264012799;0;4417114;2508930165;0
8550;248300455;11114292;163182520;23096447;899491;1625797639;3687230;356256701;4806269;534953665;48007820902;38334514803;108866000000;5243395;84089032787;0;3713825;2235821351;0
1894;242445816;7601709;232588524;26366421;734168;1708368512;3629059;363579095;5156216;538749083;48348079246;38331622177;108596000000;2175881;83953687785;0;4099014;2337949647;0
38710;240293121;7961235;242353087;22431892;670122;1581090510;3735943;344619195;4973245;540556821;48559649443;36629308729;106482000000;2661412;83202416646;0;3908393;2544843034;0
804;217563300;6680336;211761246;17085856;576938;1515319168;3692544;324869013;8097769;524715228;45600852070;33075386505;98574539249;1890286;76920324055;0;7472646;3039850815;0
1478;243949460;6962415;264425928;18160864;564453;1660136164;3868151;330777097;5001242;548216653;42287646111;33193444376;97206312110;2092749;82528238929;0;3056336;2496670015;0
859;288959065;6475238;221003427;17336552;548042;1289134091;3730333;284328741;9557545;569600402;33968792076;33912275717;91327737238;1795674;71464010497;0;2558241;3424046456;0
2392;204493188;6126972;183621541;15882756;428560;1369241103;3810777;275340213;5199209;505174202;29481313459;27612410079;75169624681;1857218;57219675988;0;2047814;2219874761;0
1416;214321909;265870191;196497772;9124337;167972300;1951574397;240441085;262890500;3935402;493552969;26709748507;31820795735;76856813983;21428679;59808716216;0;2188387;2069517961;0
0;214841485;138080642;160753350;8613532;84351744;1380917938;122075014;233522191;6751971;510336418;21387962100;32321267779;69864664596;12775951;54210960800;0;2552080;2729048555;0
6397;275507209;91354560;139886194;29285529;12915766;837025814;14289460;195479105;6281044;1060460773;18015184229;39813589400;80366802338;7401199;67466149367;0;5765356;4026002816;0
5311;269787955;425578475;124449325;57969626;163712345;934568106;99001164;183856682;6866956;527403820;11092552343;37440403069;72119771962;13429162;83075810038;0;3540436;2840833883;0
4845;208029557;54563190;115109953;26092263;23118238;411236903;26830557;129100373;11081315;1440738969;8763486374;25639047413;48424916011;6527860;40595213440;0;4096117;4065441141;0
5742;191489983;585095221;180762399;28487735;17553433;935689600;24368485;119155818;3830417;530930287;6054872290;33845532802;53395464879;549739355;45717714445;0;5101020;1713397494;0
31198;195461200;388035248;115228807;69462648;9516332;603061575;15252107;111217674;162997226;724110914;7164242857;40154526965;62106698486;7786924;55318559325;0;6560117;2381890687;0
58751;188803527;161541078;154729032;51330921;7516458;1180698262;8487884;107398405;69368463;577788161;7126312309;42539329858;67077241754;11254943;60066306310;0;8637030;3756778133;0
20505;588237170;9037899;114246308;32021385;1219188;664447234;3262361;114717665;7075926;510443398;13296001333;28095446954;55886794176;3244318;50435783656;0;11068882;1724245411;0
10934;165421642;7026866;124470245;35544718;813215;225909614;3551910;120223837;2655595;518086232;10162992749;27052323280;47020656657;2421532;38432454840;0;4219060;1099982827;0
15747;178868596;275366805;137333963;36184021;1413794;637776317;3544382;141784362;11925193;537825244;10196296119;29633614593;51562027266;4107233;41558095902;0;2150331;1443860030;0
25813;175426999;14035659;146100971;8503492;1157298;677840725;3613909;187251422;2449628;535545579;16215010090;22358233736;50690124374;2696371;37848084783;0;2413593;1245125351;0
25940;204313598;9641767;169483712;19707133;1154047;1199975856;3793066;266858949;3420478;560895721;35637288717;29290713944;80037448134;3072019;62312497656;0;3630488;1533726405;0
18705;214636362;9773806;180050767;20191143;881532;1358688974;3806160;297932970;3738432;586023917;39952001766;30463752281;88579374813;2698478;69065576924;0;3472095;1715292314;0
0;0;0;0;0;0;0;0;0;0;0;0;0;0;0;0;0;0;0;0
499686;484971751;46760284;142516747;38618194;15697858;323373762;4486758;163353371;60785768;295408102;16963143958;35985347076;69948369891;17095028;55512007119;0;10692747;3184236876;0
112375;330704743;39183688;138847068;53948669;7707164;392463332;3214504;190482223;17066405;288273170;19043183995;41613757329;81868265643;9827765;65054283583;0;7887122;2796960555;0
156898;383384766;38173567;300025782;68707784;6863498;565049891;3281837;247990263;7764818;302931937;27596086834;50050341910;105704000000;13269543;84149476991;0;10702926;2461456007;0
51757;393946042;27571638;183637876;113432645;6163828;776929448;3454518;344810272;8996629;333529290;51175305224;61103650244;148868000000;7668523;119238000000;0;12263161;2938798187;0
30589;494075797;144050378;1920051350;280244116;9262221;1071742995;3607832;436885151;8951641;371758481;61577999971;68274700259;196984000000;15722930;164508000000;0;16908194;3509122477;0
31758;363277948;357865173;693381450;138452545;3993257;1287934182;3553646;414016397;10278435;403543642;55059633658;65001023224;167834000000;7474145;135220000000;0;17149280;3699795406;0
23159;508618927;28894027;342479993;89509602;2199081;947131926;5029603;414960518;10443412;392466334;56304107920;60298312779;157758000000;4810993;123982000000;0;14913321;3509851657;0
15846;433055410;17828080;389273241;162620198;2561926;898651376;3522228;395288681;10179453;376574749;54531432000;63342746193;156917000000;4032580;125279000000;0;15109343;3375060663;0
15860;456104874;41154661;418521468;108077316;3118631;1051416674;3683958;412266473;13312976;442106780;55743104911;63811523434;165387000000;5931200;132937000000;0;17089133;4077031092;0
5877;406575366;51280736;223762218;191208927;9100351;1241314443;3828286;487718993;22796539;468138842;65160736977;69979387575;201923000000;25799513;168496000000;0;17149602;4800525618;0
42489;403312260;30016953;240767821;181138543;1802054;1175427493;3697349;475341888;11787203;514065836;62184688197;68532563072;185341000000;7097277;149218000000;0;18833497;4028297300;0
102969;402659475;22339671;301993233;76835698;1218358;1266033933;3888604;471663581;13166997;475520704;64814290170;60316888180;173404000000;4562510;137687000000;0;25056266;4128737587;0
858;348091485;17903831;179605806;52149633;1492144;1232005393;3873831;460797562;13973875;473851946;55736407793;59231500336;158337000000;3841808;120469000000;0;14032293;3903954751;0
2296;342414135;13849147;324307368;52182567;985541;1228391269;3780438;471287989;10896348;426851107;66672517982;55154785669;164959000000;2935445;124224000000;0;13931426;3450212456;0
1548;314474342;20043673;284130856;49054044;788637;1056101138;3808888;415394249;9752515;455508752;59792449212;48163526525;146536000000;2525474;109819000000;0;12393912;3193111493;0
1317;331630097;275603385;301933420;41053068;171265219;1792713033;243437524;409717666;10328430;452636173;40102356317;51952355100;133945000000;23109320;97087515239;0;12983209;3419029795;0
8795;367160632;149516856;230525462;42410956;89959698;1138525835;129053678;367049006;17698309;513171971;29687470093;52969278804;122534000000;15162056;89574712797;0;31393284;5109675545;0
458056;389845454;219706876;200976159;73173205;15027686;1088613525;17375762;345326664;17327369;1382462827;29852581500;67376823501;150952000000;63570113;129904000000;0;134109211;8346941507;0
11717;519767662;174298192;162130641;110070425;72765217;734966810;101272242;217126063;17302368;480696917;23288390517;63221452077;123727000000;19697900;108246000000;0;25904408;7291834634;0
4814;455162188;38577364;115197440;42612870;18629070;366707998;27734979;147605257;24994206;476298591;17321761529;45755811250;87598441942;8590063;77893242838;0;27220721;6817742526;0
9388;546076076;797508697;136043191;42982044;28689704;1187875636;30657718;131593696;18804137;460273012;12514650238;56812093224;98439315269;581163495;91691586338;0;28942985;5913580336;0
23121;1810019478;109562562;117688829;85480601;12959932;352562977;15073299;124049934;18657169;521104776;12410960979;54343718363;93985390945;27715804;85694162858;0;22710008;4575299212;0
53033;219096788;40551537;119571170;53133644;12304256;1060296433;12637153;121426410;13080013;449715630;11799496028;57922012163;95863020013;16003664;88316753546;0;20710831;3492270629;0
15416;507273605;115773142;129880441;34420663;4167953;873864490;5365696;143799771;24536269;533872824;20832184890;47608666192;89809225762;4718261;82400615103;0;31180778;5319226179;0
12140;587692723;9614567;117433639;43491372;1997020;393596902;3197205;177766587;18971116;509024617;19021917379;44435967256;87414744836;3193927;72777658298;0;25847850;4782278450;0
14060;407117208;12580731;129881517;52593670;1579447;591086513;3466590;274730308;18586172;554783647;23657877461;53442913582;111933000000;4247283;87967545608;0;27590198;5587862552;0
50859;458250099;18767865;170120962;79880896;2409274;1280540935;3908291;492441930;14401812;542212569;41027158031;63409872109;163743000000;4800588;122789000000;0;33131945;5628683782;0
37521;576185044;25311519;406729914;130046398;2653330;2531779064;4394917;980162435;15867590;525926042;77795801375;74232516464;276060000000;7734231;216018000000;0;55814410;6369371720;0
26503;615531314;25735331;308339198;154096341;2138963;3378486885;4471685;1381393699;16648466;508401709;89761149968;74966674296;317623000000;8941378;250118000000;0;58571476;6465615575;0
25489;573864042;34083635;347822036;182258012;2673067;3267300152;4419581;1391781701;15456651;512210123;94432576305;74415399514;320818000000;9674009;257617000000;0;52440395;6250100949;0
8668;545863172;80743122;343338091;122007534;1656972;2646949291;4718570;963119110;16396509;516942412;81850099939;72905290740;270442000000;5198319;213625000000;0;42401237;5634486549;0
7285;501554474;320060146;455771247;108361703;1849606;2481446964;3860417;734979693;14383814;531486196;73060756576;69884643735;228965000000;4991479;176970000000;0;34518658;5203752513;0
7482;562666352;262572788;405916243;66993366;1359335;1837127635;3938089;633873943;14917733;548998526;72362009093;65950946775;206928000000;4232496;159425000000;0;30080013;4969282278;0
3391;521750231;17174049;289976153;65470624;1805948;1752234920;3961845;685811583;15182693;558205125;75299528636;64733896017;211244000000;5486627;157831000000;0;29954531;5100459657;0
3765;606470332;20566380;328009336;95548529;1327990;2734554760;4456132;1048086252;16196540;562087535;83065597442;70836487749;263300000000;4859253;194988000000;0;47608668;5690672625;0
3188;605013536;43335542;431103453;127677313;3194323;3135993631;5439692;1228825139;16104552;567993648;86838851126;69343663089;282979000000;4912859;212972000000;0;58868835;5962410250;0
1621;698539792;188759224;459352801;123715018;11625623;3671202971;83565800;1444785281;20596868;562765436;91322877774;71333482516;309259000000;4837112;229550000000;0;60515077;6423472003;0
2295;600473935;66126789;422518081;74786912;3793829;2177074374;5231622;751002712;17686311;594769581;79493577794;63243098417;221240000000;3266031;165554000000;0;33477009;5500367698;0
3120;532841937;13061474;329094813;55585012;1099998;1325667524;4106158;520066931;99093923;641205506;60422919227;53285082590;164769000000;3969270;119540000000;0;22589085;4835404723;0
1709;509734007;257933061;319602298;43959348;160312905;1790293520;228954911;462250444;151362973;697773886;55614077013;55582713675;160494000000;21172995;120290000000;0;21961981;6426861777;0
1542;397415432;165451262;317473456;26200576;100788061;1514597555;144951194;391578396;20284915;525681084;34528168055;46646503821;149886000000;15224608;85753662151;0;13496584;5307887172;0
19519;491451809;41204042;233190130;37953368;13819053;903991168;16625072;351898319;30751328;822266977;37213357994;55775790959;201071000000;8943414;150538000000;0;51437303;6822998148;0
35872;536921489;609024988;143183727;105486894;106853249;1186834540;97286570;235163291;20174936;481805753;18365236089;53092878195;131600000000;268001063;102455000000;0;47414890;5447366177;0
5316;428553578;165238746;237796354;95613987;80710059;539221619;27970995;187144220;22338600;1424335440;15824987005;45172012920;100375000000;5839613;87623755397;0;64675677;6916410287;0
3733;419294320;515647682;132962741;31955137;22345258;788903260;29784847;139262688;28785627;658726860;11102538194;54259124018;103536000000;277358939;91017566291;0;51927105;5979387196;0
34078;419286781;129615245;116186910;96464289;9897077;375070231;15234502;129373983;22804526;652391807;8925077197;51381350207;93995350282;9327596;78850540752;0;24852695;5061030984;0
84512;360705362;104308194;114502926;54626133;10927766;1134276850;11625032;121389821;19052104;526721915;7554924095;51529743832;84335694467;15096227;73346795292;0;11898245;3569449116;0
50281;306251469;130097143;116995739;37672663;1883818;773733429;3844565;131944790;7434871;539151029;14291551881;38312554534;67481669270;3792368;60356394953;0;14845990;2193753381;0
13933;807688656;9491508;130596815;41758705;1319715;275717185;3260374;138917289;60258824;587420678;14202922298;34234244508;62551913797;2752961;51956887333;0;17647975;2660199098;0
19798;348410356;10454670;171150973;42440507;1384409;357815055;3381396;174920545;21844684;557842199;12238490551;35180424472;64294354306;4523132;50180389214;0;7945885;2474183689;0
33403;390572470;11794109;131621629;54282074;1283525;573480292;3555280;253243008;7758818;596711271;27357577172;41292891574;93801264605;3080447;71358551061;0;12612280;2529766069;0
12340;542530665;50535209;152098999;57720743;1820933;1025655321;4287708;415466043;9473560;658202941;42847726301;52231312378;138912000000;3894059;101227000000;0;17555351;3442601397;0
19814;824195585;16169033;182987044;45319883;2000144;1118742910;4178494;448099806;10735367;654594481;48117887913;56401491475;148638000000;4514396;110389000000;0;15937155;3556623960;0
16279;494102525;17802869;306069886;73640013;1781087;1189418100;3836087;484933527;10591388;673731566;52841784176;57067884588;157432000000;4076306;116671000000;0;16484325;3841207355;0
24447;451491325;17243754;284515563;81769000;1185228;1240649787;5551257;486127357;9446566;675586282;57501187229;55916396524;157287000000;3602235;118363000000;0;15589411;3643524509;0
4549;441154567;14293594;269558231;77951685;1090454;1256604107;3769075;486554732;9025626;668687340;58831937456;61459164402;164449000000;3938331;127866000000;0;14189566;3526095013;0
10144;447854286;174346348;296488984;47747647;1023672;1377290624;3906257;454702073;9015627;681937311;51532521875;59635502488;153886000000;3633911;118634000000;0;14081939;3857487443;0
3837;423114229;9824797;242241172;45660135;851888;1198382854;3791087;433981035;15541637;673113657;47070046679;54886970466;139884000000;3257531;103194000000;0;12604929;3779065378;0
6687;402666696;9080975;215135900;34149631;796085;945512736;3811744;383470121;9677528;655430354;41553194909;51346337704;125541000000;2323759;93270632262;0;12992167;3253012223;0
36907;421458110;8941448;445076125;37725634;668818;1202538964;3993535;403221015;11698222;662583267;51962165088;51754242857;139121000000;2556466;107809000000;0;17294337;3632024576;0
797;375015322;8008796;178086751;29501381;662122;1076321985;3878212;370424892;12396116;662915210;41204981703;45172031538;117833000000;2238824;87854833963;0;11464848;3448600590;0
1628;351349753;8556271;277051128;29546857;883678;1053842306;3947949;366407575;10045475;642202366;43058906597;43352521925;116628000000;2431395;85142834078;0;10573769;3136474907;0
963;300274577;7946685;464025254;30448574;1040915;867392618;3849213;332588681;8382726;627655576;39239428934;41400012940;108258000000;2180670;79804347501;0;9939722;2828675765;0
1252;381740724;251598878;293974927;22546173;157445089;1436333075;223824806;322953613;10511399;653214681;37116514215;49260550769;116797000000;21512255;91402554360;0;10763547;3279882232;0
1057;367165482;161626344;157896372;18984162;98652400;946240310;141988001;241925751;13822899;649393279;20034141682;43091264605;86269250838;16203723;66826905316;0;12920284;3736135363;0
